pt_root_id,status_dendrite,status_axon,pt_position_x,pt_position_y,pt_position_z
864691134884807418,extended,extended,299067,123129,22993
864691134885430010,extended,non,181280,223040,21399
864691134885645050,extended,non,172288,222528,21607
864691134918370314,clean,clean,170528,226848,20316
864691134918461194,clean,clean,189760,127520,20540
864691134918493450,extended,non,176416,211872,22512
864691134918495498,clean,clean,192224,177248,22213
864691134918499338,clean,clean,175872,148112,21814
864691134918499850,clean,clean,184016,173104,22527
864691134918514698,clean,clean,169040,153744,21107
864691134918520074,clean,clean,184768,167088,21715
864691134940133219,extended,extended,149480,190770,23351
864691134940621667,extended,non,185312,216224,21353
864691134940999267,extended,clean,175264,198256,21776
864691134941057891,clean,clean,178048,104048,22251
864691134941063523,extended,clean,171952,196880,21777
864691134941129571,clean,clean,191088,168400,21349
864691134941133667,clean,clean,172432,171008,20481
864691134941157731,clean,clean,182768,165328,22488
864691134941194083,clean,clean,176480,176416,22599
864691134941194851,clean,clean,181216,134624,21266
864691134948433660,clean,clean,175280,107184,21940
864691134948493308,clean,clean,182048,115584,21330
864691134965056287,extended,clean,173712,144608,22060
864691134965110559,extended,non,170096,206400,22081
864691134965471007,extended,extended,171888,209344,22995
864691134965486879,extended,clean,170928,142608,21356
864691134965653279,clean,clean,171552,144112,21874
864691134965657631,clean,clean,186448,152992,22049
864691134965664287,clean,clean,186928,177312,21444
864691134989477754,clean,extended,308256,212976,23470
864691134989492090,clean,clean,183584,136144,20422
864691134989537658,extended,non,181456,214096,22429
864691134989631098,clean,clean,171872,116864,21509
864691134989683322,clean,clean,348448,136208,19603
864691135012753654,extended,non,169088,207456,21920
864691135013439638,non,clean,366518,254764,21495
864691135013445270,extended,extended,169520,170016,21144
864691135013560726,extended,non,192144,211616,21338
864691135013628918,clean,clean,187920,136608,20472
864691135013667062,extended,non,182000,214432,20731
864691135013768694,clean,clean,175184,112320,21779
864691135013774070,extended,non,181680,227760,21700
864691135013789942,clean,clean,177392,130416,22352
864691135013866998,clean,clean,178992,151872,20381
864691135013962134,clean,clean,187312,111232,22632
864691135013978774,clean,clean,181376,125680,22521
864691135014124950,clean,clean,172752,180384,21397
864691135014128278,extended,extended,185584,170240,21046
864691135014131862,clean,clean,168816,176656,21457
864691135014159510,clean,clean,183552,169792,20241
864691135014167446,clean,clean,187280,162544,22042
864691135014167702,clean,clean,173888,166304,22116
864691135014211734,clean,clean,179664,179968,22345
864691135014237590,clean,clean,175328,159648,21658
864691135059143323,extended,extended,296712,168512,23849
864691135059717787,clean,clean,170784,162192,20696
864691135059722139,clean,clean,175584,167904,22492
864691135065145924,extended,non,170672,217888,22192
864691135065644612,extended,non,186800,182960,22134
864691135065645124,extended,clean,187280,118848,21755
864691135066182980,clean,clean,170192,147984,21335
864691135066217796,clean,clean,183360,169376,20619
864691135066231364,extended,non,186192,231456,22143
864691135066300228,clean,clean,177072,163712,21174
864691135066302020,extended,clean,189072,142016,21337
864691135066302276,clean,clean,175312,148544,21082
864691135081877495,extended,non,171232,194720,21159
864691135082074103,extended,extended,185296,245952,24347
864691135082074359,extended,extended,180528,242928,22535
864691135082322679,extended,extended,187840,207232,22680
864691135082382327,extended,non,176448,192352,21250
864691135082411255,extended,non,190352,200160,22227
864691135082763767,clean,clean,171712,128336,22290
864691135082840567,extended,extended,185968,165312,21220
864691135082846711,clean,clean,186080,148288,20933
864691135099901728,extended,extended,301816,223456,23649
864691135100167712,extended,extended,171488,139312,21678
864691135100604448,extended,extended,182592,122624,21768
864691135104669005,clean,clean,174896,123888,21342
864691135104753741,extended,non,175072,229600,22524
864691135105143629,extended,clean,181568,212640,21847
864691135105179725,extended,extended,178752,204992,21876
864691135105190989,extended,non,178096,216496,20213
864691135113360025,extended,extended,174064,254832,22081
864691135113733529,extended,extended,275364,160058,23827
864691135113792921,clean,clean,327232,121712,21861
864691135114178969,extended,extended,184512,198528,21011
864691135114203545,clean,clean,188944,119984,21398
864691135117980637,extended,extended,292172,160290,25727
864691135118298333,clean,extended,238080,196896,19088
864691135118404573,extended,clean,172224,126656,21141
864691135122469671,clean,clean,341712,107936,18333
864691135122934055,clean,clean,184944,132544,21307
864691135123429927,clean,clean,176464,133552,22445
864691135123462183,clean,clean,189408,153008,21492
864691135132887456,extended,extended,190416,99456,20385
864691135133615264,extended,clean,189152,142800,22311
864691135135264793,clean,clean,187936,107488,20888
864691135135291673,extended,non,175120,224448,21961
864691135135346457,clean,clean,192208,167104,20176
864691135135409433,extended,non,169264,265936,21424
864691135135756569,clean,clean,173008,150960,21332
864691135135832857,clean,clean,172032,160176,22201
864691135156248932,extended,non,175616,238560,22234
864691135156351588,extended,non,172096,245152,21919
864691135156674148,clean,clean,189280,119376,20359
864691135156708964,clean,clean,180016,157312,21177
864691135156772452,clean,clean,177008,172176,20510
864691135156815716,clean,clean,171040,168096,22526
864691135162585389,extended,extended,193056,168768,21792
864691135162908461,extended,extended,311546,157458,22902
864691135162983725,extended,extended,287632,192944,19549
864691135163006509,extended,non,181712,182736,21608
864691135163315501,extended,extended,176080,118192,21795
864691135163477037,extended,extended,200224,263424,25547
864691135182405378,extended,clean,186048,128336,22528
864691135182412802,clean,clean,189472,127760,21804
864691135182444802,extended,non,186240,220736,23377
864691135182457602,extended,non,183008,226512,22630
864691135182879746,extended,clean,175376,203728,22239
864691135182900482,extended,extended,185856,110288,20415
864691135194735914,extended,extended,174432,200608,21567
864691135195071786,extended,non,169760,177696,22191
864691135195078186,clean,clean,179504,112352,20886
864691135195097642,extended,non,182384,221984,21630
864691135195149866,extended,non,178816,210528,22322
864691135195576362,extended,extended,188240,161648,21466
864691135208918905,clean,clean,169648,179488,22476
864691135208943225,clean,clean,174400,161696,20530
864691135208968313,extended,clean,174880,109920,22317
864691135208971897,clean,clean,177360,165072,21648
864691135210763200,extended,non,182960,217552,23049
864691135211160512,clean,clean,180560,138128,22136
864691135211264448,clean,clean,170304,163664,21335
864691135212863360,extended,extended,267551,204473,25114
864691135213344896,clean,clean,186000,120640,20761
864691135213364352,extended,non,191312,192688,20556
864691135213385088,extended,non,178880,221920,21415
864691135213410432,extended,non,176112,212784,21458
864691135213650232,clean,clean,182080,112288,21095
864691135213651768,clean,clean,175328,127936,22400
864691135213709624,clean,clean,179840,132976,21342
864691135213783424,clean,clean,177456,148592,22597
864691135214079544,clean,clean,170016,160336,21960
864691135214081848,clean,clean,176352,163120,21342
864691135233242713,extended,extended,298779,166548,24632
864691135233730649,clean,clean,319984,126368,21996
864691135234167385,extended,extended,152032,111072,23772
864691135256626095,extended,extended,175616,153472,20823
864691135256861871,extended,extended,180288,191664,22600
864691135256896687,extended,non,192384,228832,21650
864691135257261487,clean,clean,188816,129840,21956
864691135270320293,clean,clean,310976,124752,21479
864691135270673317,clean,clean,180912,164960,21521
864691135272206865,extended,extended,287036,125025,23889
864691135272867601,clean,clean,188320,131408,21605
864691135272873489,clean,clean,180112,119520,21294
864691135272898833,clean,clean,180112,114928,21520
864691135273295377,clean,clean,185888,115520,22631
864691135273485073,extended,extended,174720,152224,21821
864691135273490193,clean,clean,190752,151616,21188
864691135274631397,extended,extended,185472,130880,21521
864691135274768869,extended,non,189584,204784,20258
864691135274881509,extended,non,194864,216128,22205
864691135275167461,extended,non,173872,214112,20324
864691135275232741,extended,clean,182608,110144,22029
864691135275253989,clean,clean,182528,117344,20379
864691135275430373,clean,clean,176240,164608,22531
864691135275436773,clean,clean,191344,165760,21883
864691135279153313,non,clean,254921,237606,17480
864691135279181729,extended,extended,173360,159856,22024
864691135279318689,clean,clean,336272,111040,20727
864691135279339169,extended,non,194032,221472,23195
864691135279377569,clean,clean,168528,163728,21721
864691135279409057,clean,clean,188336,169392,21278
864691135292201142,extended,extended,196320,225280,22165
864691135292965046,extended,non,189856,176016,21620
864691135292991414,clean,extended,184384,108896,21755
864691135293076662,extended,extended,181952,207456,20474
864691135293398284,extended,extended,190960,253120,23139
864691135293670924,extended,non,192240,224992,21472
864691135293705996,clean,clean,176880,124240,22591
864691135293740556,extended,non,188624,233168,22038
864691135294197260,clean,clean,185200,117744,21532
864691135294322188,clean,clean,175088,167776,22240
864691135303399847,extended,extended,184192,200784,20797
864691135303514791,extended,extended,172368,95616,20987
864691135304303015,clean,clean,171888,132064,21298
864691135304355751,extended,non,170912,190448,21224
864691135304440487,clean,clean,180832,155424,21522
864691135304471719,extended,clean,190976,162720,21212
864691135307704646,clean,clean,175312,148848,20723
864691135307776326,extended,non,189936,214736,20779
864691135307804742,clean,extended,178560,119232,22114
864691135308114758,clean,clean,168992,133520,20745
864691135323181212,extended,extended,189696,118960,21975
864691135323237532,extended,extended,189680,129712,22145
864691135323536540,extended,non,173456,213568,22560
864691135323572636,extended,non,173168,217792,20986
864691135323576988,extended,non,173104,210208,22429
864691135323610012,extended,non,188944,206160,21639
864691135334986985,clean,clean,169968,118256,21919
864691135338381030,clean,clean,183728,129008,21304
864691135338919398,clean,clean,173680,116048,22556
864691135341198789,clean,clean,349040,130816,18299
864691135341342405,extended,extended,215968,212400,19590
864691135341465029,extended,extended,168960,134400,21639
864691135341655749,extended,non,189520,223920,22237
864691135341785265,clean,clean,176816,111120,20315
864691135341831345,extended,clean,179088,119536,20781
864691135342231473,clean,clean,188400,128704,22291
864691135342253765,clean,clean,179136,152704,21579
864691135342305969,clean,clean,172704,147120,22205
864691135348847831,extended,extended,179360,208992,24296
864691135348944087,extended,non,179872,183584,21726
864691135348972247,extended,extended,185664,200192,20160
864691135349437655,clean,clean,181136,123120,21543
864691135349478615,clean,clean,184064,148272,21618
864691135349502935,clean,clean,182192,169584,21253
864691135349531607,clean,clean,168752,157248,22441
864691135349532119,clean,clean,177552,147120,22175
864691135349539543,clean,clean,189168,168272,20778
864691135349541591,clean,clean,180352,175104,22056
864691135349546455,clean,clean,183200,168384,22438
864691135349549015,extended,non,172368,209936,22622
864691135355455183,extended,extended,189184,234896,22722
864691135355708623,extended,non,294375,160683,23115
864691135358995288,clean,clean,343657,118542,17932
864691135359010904,clean,clean,335312,127112,18750
864691135359413848,extended,extended,174704,165104,20328
864691135359864408,clean,clean,181328,119504,22321
864691135359918680,clean,clean,171952,157568,21637
864691135360096071,clean,clean,188944,186048,17813
864691135360730183,clean,clean,191232,105888,22427
864691135361192007,clean,clean,184160,155568,20856
864691135367033849,extended,extended,299964,170610,26714
864691135367058169,extended,extended,198949,188854,19772
864691135367232761,extended,non,169168,168480,21133
864691135367305465,extended,extended,192320,161120,21368
864691135367662329,extended,extended,180288,258960,23956
864691135367814393,clean,clean,169328,130912,22110
864691135367970809,clean,clean,193632,207584,21793
864691135373601736,extended,extended,175472,252512,20824
864691135374222153,extended,extended,177936,215664,21555
864691135374378057,extended,non,188384,193616,22031
864691135374420809,extended,non,170144,264128,20473
864691135374556872,extended,extended,170352,192608,20580
864691135374841417,clean,clean,174976,156880,21677
864691135374854985,clean,clean,179456,149584,21162
864691135382556378,extended,extended,327494,190214,20892
864691135383059418,clean,clean,189648,108816,21882
864691135383136218,extended,non,170208,210112,22512
864691135383158251,extended,extended,290640,203104,19062
864691135383477739,extended,non,185712,231440,22586
864691135383551467,clean,clean,184800,131296,22474
864691135383875051,clean,clean,184448,122160,21134
864691135383940331,extended,non,180544,231616,22405
864691135383993579,clean,clean,185520,161008,21625
864691135383999211,clean,clean,189840,157952,20196
864691135385422677,extended,extended,297818,159084,24458
864691135385703509,extended,extended,192736,181920,22366
864691135385894741,clean,clean,186528,126944,20248
864691135385910869,clean,clean,173712,110096,20501
864691135385932117,clean,clean,177312,140240,22062
864691135385988693,extended,non,180752,231968,22043
864691135386015061,clean,extended,178656,183024,20589
864691135386039893,clean,clean,171904,166304,20772
864691135386455381,clean,clean,192032,112224,20746
864691135386529621,clean,clean,172368,152208,20778
864691135386574933,clean,clean,175792,116256,21925
864691135386581077,clean,clean,191280,167840,22558
864691135386843521,extended,extended,168448,154320,20451
864691135387184001,clean,clean,171392,144368,20761
864691135387220865,clean,clean,186832,131728,21215
864691135387282817,clean,clean,184464,121424,21520
864691135387648385,extended,extended,183920,182432,22462
864691135387675521,clean,clean,177200,114624,22615
864691135387704193,extended,clean,176352,207856,22440
864691135387710081,clean,clean,172208,168272,22383
864691135387710593,clean,clean,188112,151040,21457
864691135394307317,extended,extended,171712,189168,21053
864691135395124981,clean,clean,176480,163584,20145
864691135395143157,extended,extended,169856,181328,21421
864691135395187189,clean,clean,171264,163856,21889
864691135396580129,extended,extended,186352,149232,22124
864691135396980769,clean,clean,175696,136192,21990
864691135396990753,clean,clean,185248,106992,22018
864691135397009185,extended,non,173552,188832,20819
864691135397023777,extended,extended,285712,190768,19231
864691135397496097,extended,non,188752,208832,20434
864691135397503777,clean,extended,183328,108400,21057
864691135404114414,extended,extended,179792,215664,22864
864691135404231406,clean,clean,170464,112688,22069
864691135404277230,clean,clean,172624,111984,21833
864691135407429321,non,clean,257348,214049,15355
864691135407577801,extended,extended,205392,223744,22109
864691135407816393,clean,clean,180768,121968,22131
864691135407825609,clean,clean,188672,146864,21221
864691135407884233,extended,non,188560,239216,22498
864691135408247241,extended,extended,175264,183856,20192
864691135408376265,clean,clean,189088,170528,21593
864691135408383433,extended,non,188352,187088,21652
864691135408388297,clean,clean,185232,164304,21410
864691135416083642,extended,extended,172240,181184,20446
864691135416162490,non,clean,181165,239291,15002
864691135416233914,clean,clean,323216,129600,21719
864691135416719546,extended,extended,186032,193712,21887
864691135428676144,clean,clean,337776,100192,17847
864691135428878640,extended,extended,192016,189408,20661
864691135429208624,extended,non,181136,229072,22344
864691135429641776,clean,clean,179984,124320,22475
864691135429648688,clean,clean,191648,122832,20723
864691135429699888,extended,extended,192080,190064,22297
864691135429743920,clean,clean,178416,156640,20968
864691135429763120,clean,clean,340428,125495,20620
864691135440543560,extended,extended,290540,135491,26952
864691135441258312,extended,non,180016,204592,22798
864691135441749320,clean,clean,191088,159360,21709
864691135441756744,clean,clean,175328,160160,21416
864691135445704338,clean,clean,338608,135408,20251
864691135446065810,clean,extended,295824,191984,17489
864691135446645394,extended,clean,178160,175136,21428
864691135446772370,clean,clean,174304,164096,21325
864691135446792082,clean,clean,175696,151728,21157
864691135446864980,extended,extended,187824,240512,22174
864691135447219028,clean,clean,169008,125872,22242
864691135447395156,extended,extended,304160,185008,17299
864691135455097450,clean,clean,169888,143056,20600
864691135455123562,clean,clean,337008,121888,21747
864691135455195242,clean,clean,172640,102976,22379
864691135462420637,extended,extended,325231,160860,18829
864691135463234110,clean,clean,182192,135904,22426
864691135463495325,clean,clean,191792,111008,22383
864691135463557277,clean,clean,173184,157136,20453
864691135463695429,clean,clean,319813,127541,20742
864691135463857470,clean,clean,187840,169648,22257
864691135463860542,clean,clean,180640,165616,22117
864691135463863102,extended,extended,175888,199648,21374
864691135464544325,clean,clean,184048,160016,22117
864691135468031628,extended,extended,184352,238080,24354
864691135468161164,clean,clean,318181,125385,21647
864691135468212364,extended,non,175216,228528,22110
864691135468597132,clean,clean,176112,114336,20769
864691135468726610,extended,non,178704,225616,22156
864691135469248850,clean,clean,178144,111168,22503
864691135469335378,clean,clean,171728,159968,21088
864691135469422674,extended,extended,204851,143787,19186
864691135469443410,clean,clean,176864,168336,22285
864691135469468242,clean,clean,171280,165280,20203
864691135472556082,extended,extended,188960,245664,24467
864691135473089074,clean,clean,173696,131472,20938
864691135473091634,clean,extended,178896,125216,20864
864691135473146162,clean,clean,172624,147408,22420
864691135473155634,clean,clean,189184,151216,20142
864691135473174834,extended,clean,183456,202752,20953
864691135476689320,clean,clean,171728,116816,21211
864691135477010344,extended,clean,186480,205552,21607
864691135478884806,extended,non,187024,221344,22212
864691135479337158,clean,clean,181920,154880,22579
864691135488795450,clean,clean,191264,108496,22290
864691135488873786,extended,non,173376,206128,21613
864691135488888378,extended,clean,187568,113216,21732
864691135489057338,extended,non,171120,222784,20995
864691135489264442,extended,extended,185568,153872,20140
864691135489383226,extended,extended,176064,130512,22031
864691135489390906,clean,clean,189312,170352,20454
864691135489391674,clean,clean,173696,166912,20570
864691135489420346,clean,clean,168400,170800,22039
864691135489434682,extended,extended,192240,185440,20997
864691135490940135,extended,extended,180752,135200,22612
864691135490941927,extended,extended,177616,169296,20306
864691135491161831,extended,non,194112,212064,23175
864691135491166951,clean,clean,330304,111296,21823
864691135491167207,clean,clean,327056,114144,22102
864691135491204327,clean,clean,330411,133448,21665
864691135491205735,extended,extended,336825,133707,20386
864691135491208679,clean,clean,178416,123344,20163
864691135491220199,extended,non,183680,193040,22367
864691135491268455,clean,clean,183056,149488,20894
864691135491427943,extended,clean,178608,174752,22447
864691135491529311,extended,extended,192176,120944,22354
864691135491711975,clean,clean,176000,138896,20458
864691135492015967,extended,non,173008,213504,23171
864691135492555359,extended,extended,177328,184400,21991
864691135494434448,extended,extended,190992,142992,20657
864691135494808976,extended,non,194512,218624,22133
864691135495286416,clean,clean,187360,108304,21607
864691135495429264,extended,clean,170208,113008,22507
864691135495472528,clean,clean,170848,163648,22182
864691135495477648,clean,clean,183360,150080,22047
864691135497743635,extended,extended,332593,136702,19643
864691135498236179,extended,non,191728,190720,21861
864691135498301715,clean,clean,177200,136960,21048
864691135498644243,clean,clean,177760,114352,21510
864691135498650131,clean,clean,173344,165056,20390
864691135498650899,clean,clean,169360,167152,21606
864691135501703746,clean,clean,340046,115924,18486
864691135501980994,extended,extended,307568,208016,19302
864691135502190941,extended,extended,175280,194224,22230
864691135502268738,extended,non,189968,239520,22383
864691135502623157,extended,clean,179504,134464,22207
864691135502730562,clean,clean,335495,128652,19294
864691135508871945,clean,clean,298880,109328,17242
864691135509371913,extended,non,188864,218656,21533
864691135509379081,extended,non,186448,177008,20879
864691135509419017,extended,non,172992,247664,20488
864691135509728009,clean,clean,190992,120752,20242
864691135509785097,extended,non,175184,176816,21073
864691135509890057,extended,extended,195744,235728,22961
864691135509976841,clean,clean,168160,175632,21152
864691135509985801,clean,clean,189872,153184,20514
864691135510006281,clean,clean,177856,163248,21678
864691135510079753,clean,clean,188432,148736,20529
864691135511057360,extended,non,189280,191920,20838
864691135511115984,extended,clean,192320,126576,22029
864691135511151056,extended,non,189968,212000,22393
864691135511563472,clean,clean,175856,131472,20407
864691135511632080,extended,extended,172192,189648,21784
864691135511666640,clean,clean,183776,165504,21045
864691135511671504,clean,clean,170560,161920,20443
864691135516181459,extended,extended,197504,241840,23068
864691135516232659,extended,extended,266288,196928,20478
864691135516975315,extended,non,178864,219776,20827
864691135516981203,clean,clean,171552,124528,20568
864691135517063379,clean,clean,171744,150144,21818
864691135517531786,extended,extended,343040,126243,18986
864691135517755274,extended,extended,173552,172112,21616
864691135518070154,extended,non,181568,210112,21032
864691135518453642,clean,clean,345600,123708,21017
864691135518510218,extended,extended,179792,97680,20633
864691135526405723,extended,extended,348304,186080,19305
864691135526967387,extended,clean,185936,133408,20157
864691135527105371,clean,clean,170880,167952,21220
864691135538812530,extended,non,190928,183216,21500
864691135538831474,extended,non,182384,178144,20422
864691135544588584,extended,extended,129963,182932,18916
864691135544892200,extended,extended,175616,144976,22055
864691135544949800,extended,non,179680,201408,20426
864691135561118945,extended,non,185808,189072,21088
864691135561138401,extended,non,192832,213024,22538
864691135561164769,extended,clean,173760,107744,22090
864691135561573601,clean,clean,169360,112336,20357
864691135561619681,extended,extended,177472,182816,22269
864691135561621985,extended,clean,179776,198880,22450
864691135561626081,non,clean,291933,237007,26049
864691135564752407,clean,clean,348303,119318,19183
864691135564891159,extended,extended,190896,95424,21808
864691135564911895,extended,extended,184384,218256,22840
864691135564974423,extended,extended,176816,202320,20616
864691135565132823,clean,clean,187312,105008,21563
864691135565147159,extended,extended,179472,187760,21468
864691135565241431,clean,clean,183408,143504,21973
864691135565275479,extended,clean,178448,119968,21422
864691135565618199,clean,clean,180384,142640,20916
864691135565660247,clean,clean,183936,131280,21625
864691135565696599,clean,clean,190320,134992,21950
864691135565709655,clean,clean,192880,156384,21831
864691135565770007,extended,extended,178944,230480,22105
864691135565773591,clean,clean,184176,165760,22284
864691135565831447,extended,clean,184768,198896,21743
864691135568328684,extended,extended,169104,114144,20711
864691135568484588,extended,non,187600,180944,22001
864691135568797676,extended,extended,179392,131872,20955
864691135568858604,clean,clean,177376,123408,20764
864691135568917740,extended,non,180368,184256,21942
864691135568970220,clean,clean,184960,103440,22028
864691135569637510,clean,clean,191536,143552,21481
864691135569859206,extended,non,170192,268240,22283
864691135570125190,clean,clean,179888,116688,20509
864691135570190726,clean,clean,176848,122368,21671
864691135570193542,clean,clean,191120,134432,20649
864691135570274950,clean,clean,187136,154000,20407
864691135570325894,clean,clean,175424,166160,20228
864691135571154925,extended,extended,190512,90448,21434
864691135571476973,extended,non,189472,226656,22043
864691135571546917,extended,extended,176176,188032,20630
864691135571557925,extended,extended,160256,201472,21622
864691135571962349,clean,clean,189792,155248,22407
864691135572026605,clean,clean,190592,149760,22133
864691135572041965,extended,clean,168256,169840,21646
864691135572046573,clean,clean,178016,154816,22629
864691135572327205,extended,clean,180848,106784,22495
864691135572370469,clean,clean,185696,162976,22576
864691135572379429,clean,clean,172000,122128,21628
864691135572385061,clean,clean,347904,124800,20738
864691135572499493,extended,extended,172624,126960,20812
864691135575425822,extended,extended,190864,188784,20152
864691135575787038,extended,non,172464,221888,23253
864691135576270110,extended,extended,170192,182624,21778
864691135576375070,clean,clean,173312,116208,21810
864691135576577822,clean,clean,177616,169760,20588
864691135577202181,extended,extended,150880,183088,18273
864691135577304325,extended,extended,192336,214912,23313
864691135577580293,extended,non,175984,228336,21826
864691135577945861,clean,clean,185248,149360,20153
864691135582259309,clean,clean,172016,121168,21400
864691135582673005,extended,clean,183072,135408,21782
864691135582733933,clean,clean,188832,147520,21519
864691135584074360,extended,extended,177437,213778,19873
864691135584353912,clean,clean,178160,223344,20216
864691135584464504,extended,non,174880,221440,21882
864691135584973688,clean,clean,190864,127936,20727
864691135586244732,clean,clean,191600,145728,20687
864691135586248060,clean,clean,191328,115920,21048
864691135590564107,extended,non,156196,139535,20493
864691135591018763,clean,clean,169728,137648,20522
864691135591222539,clean,clean,176272,133792,20486
864691135591274763,clean,clean,171200,159888,22030
864691135591279115,clean,clean,180144,154848,22152
864691135591287051,clean,clean,180064,155744,22537
864691135591291659,extended,clean,180368,152672,21321
864691135591350283,clean,clean,187952,168768,20517
864691135591375627,extended,non,170896,200304,20247
864691135593659947,extended,extended,320911,155330,25498
864691135594100011,extended,non,188400,221168,20595
864691135594101291,extended,extended,287552,218160,23555
864691135594123307,clean,clean,187920,132096,20564
864691135594164523,extended,clean,186848,130128,21012
864691135594514987,clean,clean,172736,162864,21811
864691135594536235,clean,clean,342078,112989,21517
864691135609594119,extended,extended,303659,166262,17349
864691135609687047,extended,extended,162796,184639,19827
864691135610086151,clean,clean,177232,107696,22292
864691135610099207,clean,clean,190432,139120,20760
864691135610117639,clean,clean,192720,131232,22625
864691135610121991,clean,clean,171024,125472,21780
864691135610127111,extended,clean,183328,115392,22480
864691135610188295,extended,extended,168640,158976,22594
864691135610661895,clean,clean,176256,173872,21655
864691135614581707,non,clean,280270,242167,20137
864691135614637003,clean,clean,187888,121568,21603
864691135614717387,extended,non,184208,213968,22940
864691135614771147,extended,extended,181147,143788,22167
864691135615222475,clean,clean,178240,148752,20455
864691135615276747,clean,clean,176544,155584,22495
864691135616499305,extended,non,188064,243728,22589
864691135616543593,extended,non,192752,236736,22366
864691135616964457,extended,clean,192016,202448,22622
864691135618421647,clean,clean,185552,117744,21870
864691135639556411,extended,extended,179456,192960,21578
864691135645645039,extended,clean,188512,98944,22603
864691135654280386,extended,non,182864,231456,20560
864691135654475970,extended,extended,172512,175280,21964
864691135654715586,clean,clean,316031,127464,20240
864691135654830274,extended,non,188576,204144,20882
864691135658054274,clean,clean,354279,119538,19427
864691135658547330,extended,non,190320,221568,22817
864691135658928514,extended,clean,187296,137568,22530
864691135658994050,clean,clean,192160,140336,20693
864691135659000450,extended,extended,172752,163920,22153
864691135660772080,extended,extended,188544,123584,20721
864691135661016816,clean,clean,187968,124368,22306
864691135661044208,clean,clean,187936,118400,22289
864691135661523184,clean,clean,182656,144512,21184
864691135661526512,clean,clean,189296,110976,20651
864691135661606896,clean,clean,185744,164352,21652
864691135683992050,extended,clean,178880,112496,21851
864691135683998706,extended,non,171440,196976,21279
864691135684284914,extended,extended,178080,262912,20842
864691135684339698,extended,non,178144,212672,20481
864691135684358583,extended,clean,180485,128477,24033
864691135684367858,clean,clean,178096,158944,22197
864691135684398578,clean,clean,178384,118928,21884
864691135684431602,clean,clean,175696,121744,21198
864691135684657079,clean,clean,311222,124714,20554
864691135684719543,extended,non,175408,235104,22108
864691135685162423,clean,clean,177504,168848,21048
864691135685170871,clean,clean,190944,119728,21397
864691135685267383,clean,clean,168736,167680,20422
864691135685289655,clean,clean,187728,161520,20934
864691135685300407,extended,extended,184432,116416,21136
864691135687456480,extended,clean,173600,136784,22464
864691135687472864,extended,non,174112,222384,21682
864691135687917280,extended,clean,172864,133024,21760
864691135687952608,clean,clean,185136,154112,20978
864691135688030944,clean,clean,168704,175536,22620
864691135688058592,clean,clean,174128,155296,22262
864691135688077792,clean,clean,174272,159248,20540
864691135688093920,clean,clean,192576,164976,20306
864691135692949951,clean,clean,328112,119856,21372
864691135693213119,extended,extended,176976,209584,21964
864691135693735103,extended,extended,179936,253344,24349
864691135693796287,clean,clean,183568,174864,21668
864691135696546970,clean,clean,192160,102688,21040
864691135697002138,clean,clean,187920,127824,22032
864691135697107098,clean,clean,184432,147552,22040
864691135697111962,clean,clean,190656,121840,22429
864691135697156762,clean,clean,190720,125072,20809
864691135697613077,extended,extended,327229,192831,21771
864691135698459925,clean,clean,178400,143248,21238
864691135698476565,clean,clean,179408,238928,23355
864691135698601749,clean,clean,187536,163936,22391
864691135698631701,clean,extended,183952,110448,20934
864691135699487522,extended,extended,234301,183249,24049
864691135700409211,extended,extended,317058,156414,24562
864691135700475426,clean,extended,182720,114128,20744
864691135700562466,clean,clean,171456,171424,21043
864691135700566050,clean,clean,176432,160720,20930
864691135700950907,clean,clean,171648,127904,20594
864691135700966011,extended,non,176464,232480,22174
864691135701034107,extended,extended,174921,137614,21123
864691135701528699,extended,clean,178464,213008,20908
864691135701544571,clean,clean,191616,161920,21741
864691135701557115,extended,extended,190352,217696,21941
864691135701561723,clean,clean,190064,157424,22482
864691135701624699,extended,extended,328203,118745,18982
864691135716190490,clean,clean,340452,122973,20749
864691135719651633,clean,clean,185024,176368,22629
864691135724393131,extended,extended,352096,173728,19310
864691135724453547,clean,clean,307280,130272,17866
864691135725305515,clean,clean,172352,139920,21312
864691135725354411,clean,clean,174224,171856,20744
864691135725388459,clean,clean,180800,153376,22212
864691135726100543,extended,extended,181169,181492,21889
864691135726562367,clean,clean,189040,164896,21017
864691135726619199,clean,clean,181760,175376,22339
864691135726649663,clean,clean,178080,175616,21949
864691135730543289,extended,extended,168992,203840,20211
864691135730816441,clean,clean,180640,129520,21202
864691135731235769,clean,clean,191728,157904,22608
864691135731346105,clean,clean,181232,144512,21996
864691135737188228,extended,extended,169968,232176,24558
864691135737395076,clean,clean,180032,111920,22362
864691135737446276,extended,extended,175104,198208,21230
864691135737857412,clean,clean,187232,138624,20609
864691135737905540,clean,clean,168512,126896,22073
864691135737916036,clean,clean,169536,154544,21652
864691135738158449,extended,non,180784,170704,20416
864691135739733140,clean,clean,349584,134112,19179
864691135740237204,extended,clean,186944,141984,21399
864691135740654187,extended,extended,155872,215136,20540
864691135740672916,clean,clean,190096,148864,20978
864691135740857707,extended,non,189056,243456,22415
864691135740871019,extended,non,190752,221440,21712
864691135741310827,clean,clean,192704,108528,21779
864691135749133097,clean,clean,185872,124320,20463
864691135749141801,extended,extended,295774,123171,23440
864691135749181225,clean,clean,173360,113488,21523
864691135749258793,extended,non,169104,184976,21599
864691135749617449,extended,extended,183072,152832,22141
864691135749636905,extended,clean,184112,110128,20397
864691135749644585,clean,clean,176288,143856,22394
864691135753932237,extended,extended,149711,151738,17565
864691135754259661,clean,clean,170080,134848,21253
864691135754324685,extended,non,186816,235856,22184
864691135754335437,extended,non,178256,237856,22511
864691135754343117,extended,non,181792,218640,21272
864691135754773709,extended,extended,183344,171360,21368
864691135754777037,clean,clean,174448,140192,21793
864691135754881746,extended,non,168832,214032,21712
864691135754891469,clean,clean,191376,164656,21712
864691135754906573,clean,clean,190688,157856,21116
864691135755698898,clean,clean,170256,159232,21558
864691135755817170,extended,extended,341269,190981,20318
864691135755838930,extended,non,192048,180656,21639
864691135755884754,clean,clean,177680,141296,21464
864691135755958482,clean,clean,179904,161840,20397
864691135755978194,clean,clean,192304,157696,21191
864691135759021902,clean,clean,191504,126816,20281
864691135759091534,clean,clean,307744,130080,20953
864691135759483214,clean,clean,184416,112704,22591
864691135759652174,clean,clean,175440,171232,21557
864691135759684174,extended,clean,185040,179280,21184
864691135759685966,extended,extended,176064,187776,21322
864691135759686990,clean,clean,188736,178928,22629
864691135762385718,extended,non,180464,219056,22947
864691135762864182,clean,clean,186160,136480,21354
864691135762879286,clean,clean,186640,108656,22542
864691135763000374,clean,clean,186640,160640,20393
864691135763008566,clean,clean,179120,138848,22570
864691135763021110,clean,clean,175824,166464,21524
864691135763046710,extended,clean,184048,198528,22493
864691135772053835,extended,extended,304080,101984,21853
864691135772313595,extended,clean,186864,109920,20742
864691135772730875,clean,clean,192288,163952,22058
864691135772770379,clean,clean,188592,143008,20596
864691135775906989,extended,extended,302290,177709,16296
864691135776412845,extended,non,173104,156464,22608
864691135776524973,extended,non,178512,211840,22045
864691135777016928,extended,extended,195424,223792,23343
864691135777064877,clean,clean,191360,143440,21157
864691135777091245,clean,clean,186032,169312,20439
864691135777268320,extended,clean,187792,111456,20239
864691135777345632,clean,extended,184544,181792,22336
864691135777730656,clean,clean,178320,131264,22063
864691135777733216,extended,extended,184208,114224,21914
864691135777736032,clean,clean,179264,159232,21546
864691135777774432,clean,clean,185264,167696,20139
864691135777825888,extended,clean,182896,170528,20800
864691135777842784,clean,clean,185600,166752,20750
864691135777849696,clean,clean,171200,164992,22279
864691135777851232,clean,clean,179664,154192,20456
864691135778216893,extended,clean,182928,164912,20727
864691135781152848,extended,extended,190608,216960,21321
864691135781502032,extended,non,195152,223072,22410
864691135781859408,clean,clean,192896,110208,22174
864691135782544435,extended,extended,320131,182362,16931
864691135782702387,clean,clean,192560,132784,23009
864691135782992179,clean,clean,169232,130208,20544
864691135783066419,extended,non,179680,184112,22243
864691135783071283,extended,extended,171952,130464,21938
864691135783467059,extended,clean,191040,170864,22375
864691135783481395,clean,clean,169008,172544,22335
864691135783492659,clean,clean,184576,151040,21839
864691135785592004,extended,extended,115813,201464,18766
864691135786014660,clean,clean,176688,140640,20286
864691135786030020,extended,non,174608,214032,21278
864691135786476996,clean,clean,168976,160672,22442
864691135786543300,clean,clean,176848,118336,21168
864691135799947618,extended,non,343391,126947,20258
864691135800383586,extended,non,184000,228080,22483
864691135800928610,clean,clean,176144,165856,20821
864691135807579933,extended,extended,303559,143174,21984
864691135807628573,extended,extended,190560,243792,23078
864691135807648541,extended,extended,180816,115200,20710
864691135808058141,extended,non,184592,222160,21938
864691135808065821,extended,non,176512,241424,22230
864691135808451869,extended,clean,174816,201840,20364
864691135808473885,extended,extended,182848,189392,21379
864691135809608652,extended,extended,313386,174566,26220
864691135809759436,extended,extended,168512,127088,20650
864691135810059212,extended,non,181824,236608,22398
864691135810515916,clean,clean,169696,169232,22054
864691135816038479,extended,extended,192976,245600,22857
864691135816565839,extended,extended,176651,134176,25806
864691135837584531,extended,extended,304944,211856,19990
864691135838305171,clean,clean,187824,121040,21834
864691135838392723,clean,clean,183776,148320,20611
864691135848030814,extended,extended,324313,130732,20736
864691135848095070,clean,clean,350352,114464,19377
864691135848343390,extended,extended,203792,208032,20041
864691135848520030,extended,non,183440,213888,22339
864691135848903518,extended,extended,191120,109792,21792
864691135850843335,extended,extended,310384,190160,24525
864691135851161543,clean,clean,173312,138688,20501
864691135851626695,clean,clean,191312,121536,21896
864691135851792071,clean,clean,313578,104470,19939
864691135851839687,extended,extended,164935,177785,21218
864691135851894471,clean,clean,190912,155040,22156
864691135851941575,extended,clean,182864,195440,20817
864691135852005063,clean,clean,188592,157600,21926
864691135855791662,extended,extended,172880,133664,22221
864691135855860782,clean,clean,344290,110737,19439
864691135855890478,extended,extended,144072,119965,24049
864691135856066862,extended,extended,184256,217136,22396
864691135856335406,clean,clean,329536,124560,21387
864691135856408110,extended,clean,179216,110976,20613
864691135856450094,extended,non,186208,235280,22602
864691135856845358,clean,clean,189792,134272,21227
864691135856895534,clean,clean,182880,141152,22440
864691135857099310,extended,extended,278320,169248,25240
864691135857146158,clean,clean,175728,155040,20958
864691135857187374,extended,non,181472,223328,22597
864691135857222958,clean,clean,176336,163104,20330
864691135857273902,extended,extended,181680,160112,21810
864691135857292078,clean,clean,175024,151040,20249
864691135857302830,clean,clean,181856,156096,20986
864691135857310510,extended,clean,187152,171296,22343
864691135857324590,extended,extended,173744,151152,22254
864691135859020392,extended,extended,192496,166560,20781
864691135859300200,extended,non,169888,206416,21665
864691135859753832,extended,clean,181488,102960,22492
864691135859797864,extended,clean,188256,200192,20216
864691135859872616,clean,clean,183600,154128,21236
864691135859985000,extended,non,180080,191680,20393
864691135864188286,clean,clean,345719,100607,18834
864691135865093758,clean,clean,189872,163472,21278
864691135865300188,extended,non,168144,185744,20252
864691135865305820,extended,non,182336,231040,22241
864691135865326300,extended,non,169248,185680,20779
864691135865374940,extended,non,191520,209808,20252
864691135865776348,clean,clean,188352,114080,21059
864691135865968005,extended,extended,179792,179488,20946
864691135866225541,extended,non,193392,213808,23060
864691135866298757,clean,clean,181184,108528,20416
864691135866477957,extended,non,176752,232608,21387
864691135866707333,clean,clean,189200,112848,21300
864691135866712197,extended,clean,169536,120704,21696
864691135866737541,extended,clean,185264,198192,22188
864691135867212822,extended,non,185696,185984,20589
864691135867317014,extended,non,172144,210688,20905
864691135867704342,clean,clean,175344,124288,20315
864691135867716374,extended,clean,191776,109104,21470
864691135867719190,clean,clean,183184,110368,20625
864691135874156430,clean,clean,181024,133952,20643
864691135874611854,clean,clean,185456,134720,20827
864691135874675854,clean,clean,183520,154880,21847
864691135874709390,extended,non,175248,220944,23561
864691135876975443,clean,clean,175616,144496,21881
864691135877042003,clean,clean,193056,148640,20312
864691135884521840,clean,clean,186272,119424,21100
864691135884569456,extended,non,185104,222400,22620
864691135885000304,clean,clean,178224,163456,22632
864691135885014384,extended,extended,194896,229632,21944
864691135885042032,extended,clean,183824,154256,20271
864691135888577417,extended,extended,324817,212116,23986
864691135889087881,extended,clean,171920,140624,20945
864691135889695113,clean,clean,168672,123472,21315
864691135889739145,extended,clean,170320,132992,20225
864691135910761897,clean,clean,178720,132192,20263
864691135915343462,extended,extended,332533,156951,19993
864691135915450982,extended,extended,170240,95424,22188
864691135915757926,extended,non,173872,207776,22584
864691135916149862,clean,clean,180160,137664,21669
864691135916172390,clean,clean,190032,157648,20811
864691135916269926,extended,clean,180544,196352,22612
864691135916301158,extended,clean,189936,170112,20867
864691135918528432,extended,non,175664,217168,20664
864691135919026096,extended,non,188240,205552,20655
864691135919440816,extended,extended,173584,145120,21127
864691135919483824,clean,clean,185568,148912,21272
864691135919485872,clean,clean,183184,115008,21547
864691135919495600,clean,clean,189104,111200,21854
864691135919501744,clean,clean,168176,157328,21304
864691135919583408,extended,non,188176,192800,21719
864691135926631636,extended,extended,191024,206656,21021
864691135926717710,extended,clean,181184,194560,21112
864691135926922964,clean,clean,187616,109440,21807
864691135926952148,extended,extended,183160,134087,22234
864691135926979796,clean,clean,185344,143072,20928
864691135927002580,extended,non,191936,207024,20749
864691135927016916,extended,non,187040,215984,21112
864691135927476692,clean,clean,170096,205632,22825
864691135927509716,extended,extended,192784,182064,21087
864691135937286404,extended,extended,324982,143132,19938
864691135937582340,clean,clean,169456,143168,22057
864691135937972228,extended,clean,174496,133136,22519
864691135938136373,clean,clean,178272,117216,22234
864691135938155573,clean,clean,173104,113744,20436
864691135938162229,extended,non,176912,222800,21553
864691135938349828,clean,clean,170336,109808,21034
864691135938356484,extended,clean,169216,196416,20820
864691135939924646,extended,extended,185920,257680,22934
864691135940249601,extended,extended,186656,186400,21142
864691135940541185,clean,clean,168768,111776,20637
864691135940666022,extended,clean,168592,141392,21692
864691135940769446,clean,clean,187392,140192,21954
864691135940804774,clean,clean,186992,152512,22541
864691135940833702,extended,clean,170384,167664,20297
864691135940847270,clean,clean,298635,126619,17900
864691135942165108,clean,clean,171472,108720,22630
864691135942308212,extended,non,171008,173424,21462
864691135942358644,extended,clean,183376,169456,20428
864691135942378612,clean,clean,190368,169120,21150
864691135946156836,extended,extended,173008,205856,20391
864691135946204452,clean,clean,195152,228768,23478
864691135946651940,extended,clean,180336,189568,20921
864691135946652196,extended,extended,291803,169742,22256
864691135946676260,clean,clean,317744,123952,19983
864691135946994785,extended,extended,188896,242368,23814
864691135946995809,extended,extended,171712,156048,20707
864691135947023969,extended,extended,191248,204224,22278
864691135947132769,non,clean,193545,201734,20916
864691135947139681,non,clean,126409,194171,23202
864691135947212897,clean,clean,170864,116832,22166
864691135947711073,extended,non,173648,193520,20245
864691135947719777,clean,clean,174816,161936,21221
864691135947756897,clean,clean,190960,125888,22490
864691135952121379,clean,clean,343840,130256,18548
864691135952122147,extended,extended,344768,115350,19786
864691135952557091,clean,clean,171856,137824,22239
864691135953041955,clean,clean,320875,124797,19446
864691135953216547,extended,extended,185760,140784,22627
864691135953985800,extended,extended,149878,135866,23756
864691135954232584,extended,extended,174032,225648,22347
864691135954311176,extended,extended,174448,119904,22272
864691135954499336,extended,clean,190027,121508,20685
864691135954880008,clean,clean,169152,135136,22028
864691135954923272,extended,extended,192896,192032,21367
864691135969342309,extended,extended,169008,203792,21087
864691135969447781,extended,extended,178495,188805,21083
864691135969582181,extended,extended,171248,197696,20273
864691135969949285,clean,clean,182848,143920,20593
864691135975539779,extended,extended,332563,120074,18680
864691135975556719,extended,extended,182400,177392,21876
864691135975566703,clean,clean,168160,113296,21138
864691135975633475,extended,extended,322183,176189,22803
864691135975705199,extended,extended,184032,125632,22246
864691135976155459,extended,extended,176016,95024,22051
864691135976202563,extended,clean,175648,144864,20903
864691135976228163,extended,non,190352,226944,22497
864691135976698691,extended,non,168304,212432,22395
864691135976710979,clean,clean,183424,105440,21503
864691135976711747,clean,clean,186912,125280,20919
864691135976729667,extended,extended,192656,94768,20588
864691135976956995,extended,extended,178032,191184,20658
864691135976970051,extended,non,172656,192784,21221
864691135987436803,extended,extended,204528,217920,25116
864691135988078595,clean,clean,173376,130752,20700
864691135988215043,clean,clean,179056,160704,22098
864691135988227075,clean,clean,183280,163568,21184
864691135988683008,extended,extended,177152,233216,23849
864691135988773120,extended,extended,170736,113344,21601
864691135988854016,extended,extended,181792,92752,22125
864691135989044480,extended,non,178896,244624,22415
864691135989337088,extended,non,168480,212096,21016
864691135992055233,clean,clean,186096,114176,21111
864691135992140737,extended,non,186992,216608,22524
864691135992535233,extended,clean,173808,127488,20965
864691135992618689,clean,clean,171248,137712,21493
864691135992679105,clean,clean,188208,150128,21664
864691135992774593,extended,extended,185168,212544,22228
864691135994804394,extended,extended,186000,250032,24514
864691135995145898,extended,non,185136,238336,22536
864691135995592874,clean,clean,174240,113824,20992
864691136004983754,clean,clean,309840,112112,20525
864691136005322698,extended,extended,183104,122128,20512
864691136005442762,extended,clean,179216,127792,22302
864691136005487562,clean,clean,170192,133552,21447
864691136005504458,extended,non,181952,240256,22147
864691136008567724,extended,extended,169488,174880,20977
864691136009055404,clean,clean,192704,143360,21243
864691136009119404,extended,non,186528,194000,21229
864691136009588396,extended,clean,185248,109248,22072
864691136009620908,clean,clean,180320,145936,21057
864691136009693102,extended,extended,192384,216944,21284
864691136012044707,clean,clean,185056,158720,22583
864691136020729592,extended,extended,189040,118352,21048
864691136021373176,clean,clean,179920,167104,20924
864691136023889209,extended,extended,168181,161960,21511
864691136023980601,extended,extended,292612,167390,24276
864691136024523065,clean,clean,168576,121376,22182
864691136031910331,extended,non,190688,219152,20159
864691136032031675,extended,extended,153088,225264,23022
864691136032252603,extended,extended,198144,213008,19717
864691136032388027,clean,clean,170752,117072,20449
864691136032827835,clean,clean,176720,131456,20771
864691136032840123,clean,clean,173600,122832,20719
864691136039974142,extended,non,188960,184416,22034
864691136039983614,clean,clean,181792,126416,20682
864691136039991550,clean,clean,181440,130432,20695
864691136040027902,extended,clean,173136,185392,20931
864691136040432126,clean,clean,177408,157968,21002
864691136040439038,clean,clean,190992,108960,21162
864691136040443134,clean,clean,178352,136704,22172
864691136040454142,clean,clean,180096,113808,22118
864691136041780566,extended,clean,184672,117600,22514
864691136041818198,clean,clean,182400,117248,22250
864691136041864278,clean,clean,184704,137184,21976
864691136051417587,clean,clean,179760,129744,20501
864691136052035059,clean,clean,173968,172672,22530
864691136052055283,extended,extended,175136,212800,20750
864691136052089843,clean,clean,174592,168448,21974
864691136056871128,extended,extended,172016,221216,19783
864691136056882648,extended,extended,203520,194512,22991
864691136056902616,clean,clean,189888,137536,21190
864691136056972248,extended,non,184928,223024,23391
864691136057571032,clean,clean,187456,158496,20752
864691136066004888,non,clean,188523,260314,22042
864691136066069400,clean,clean,299485,112395,20242
864691136066142616,clean,clean,179840,114080,20750
864691136066153880,extended,non,187392,235648,21906
864691136066168472,extended,non,192720,201840,21312
864691136066193048,extended,non,170992,214304,22130
864691136066578840,extended,clean,178896,119456,22395
864691136066631832,extended,extended,325771,137145,19374
864691136066664088,clean,clean,177360,150528,20753
864691136066689688,extended,clean,191744,201440,21606
864691136066697624,clean,clean,173904,169344,22341
864691136066728600,extended,extended,187392,183984,22496
864691136066733720,clean,clean,171408,104688,21097
864691136084313196,extended,extended,289859,175441,25125
864691136084466796,extended,extended,185552,148944,20382
864691136084684396,clean,clean,341432,121686,21699
864691136084747372,extended,extended,300576,115616,23080
864691136084812140,clean,clean,187696,143456,21818
864691136084847212,extended,non,189520,193968,21684
864691136084900204,extended,non,181552,188512,20422
864691136085385836,clean,clean,177376,155072,20434
864691136085404268,clean,clean,176032,148992,20310
864691136085424492,clean,clean,187552,174880,20710
864691136089105719,clean,clean,182560,220032,20852
864691136089194039,extended,extended,313537,189832,17683
864691136089287735,extended,extended,191040,224880,22028
864691136089735479,clean,clean,187696,126560,21803
864691136089748791,extended,non,189904,212288,21834
864691136090145079,clean,clean,181792,140560,20289
864691136092046516,extended,non,184720,190048,20499
864691136092128436,clean,clean,183456,149568,22510
864691136092174260,clean,clean,180320,138208,21358
864691136099960181,extended,extended,172864,229616,21861
864691136100014453,extended,extended,189488,244896,20217
864691136100511093,clean,clean,187504,102896,21656
864691136100516469,extended,non,190928,197184,20620
864691136100560501,extended,non,183184,232096,21938
864691136100567157,extended,non,182976,241744,22363
864691136100615797,clean,clean,182176,139408,21783
864691136100684405,clean,clean,181200,142848,21778
864691136101005173,extended,clean,169008,113040,21735
864691136101045621,clean,clean,176992,119792,20171
864691136101047413,extended,non,179696,228992,22023
864691136105661657,clean,clean,342353,122282,20052
864691136105778649,extended,non,171200,228848,22473
864691136106122969,clean,clean,188496,135760,22355
864691136106568409,extended,extended,183744,160336,21231
864691136108938168,extended,extended,325539,127325,19524
864691136109199800,extended,extended,180704,200624,24097
864691136109993656,clean,clean,187104,112880,20725
864691136116457636,extended,extended,241892,210815,24315
864691136117180068,clean,clean,186384,119648,20631
864691136117224612,clean,clean,186320,140240,20241
864691136117292708,clean,clean,186864,151904,21595
864691136118618136,clean,clean,307216,124304,21066
864691136118618392,clean,clean,343744,102624,20635
864691136118647832,extended,extended,220387,188733,22882
864691136119007512,extended,non,177616,212304,22301
864691136119471640,clean,clean,188432,107264,22404
864691136119521816,clean,clean,178816,147440,21340
864691136119541016,clean,clean,186720,153056,22293
864691136123919654,extended,extended,190288,240432,20878
864691136124247590,extended,non,335884,110181,18225
864691136124381734,extended,clean,186128,210288,21828
864691136124805926,clean,clean,168784,147648,21524
864691136124840486,extended,non,169824,194160,22359
864691136134678667,extended,extended,168410,226141,21120
864691136135190923,extended,non,188112,212400,22149
864691136135664523,clean,clean,192720,148432,21414
864691136136766589,clean,clean,339456,125152,17782
864691136136766845,clean,clean,341936,128768,18416
864691136136778621,clean,clean,309145,113377,18584
864691136137140093,clean,extended,288976,208016,26425
864691136137288573,extended,non,189616,221376,22214
864691136137737085,clean,clean,176992,118496,20713
864691136143696692,clean,clean,305097,109558,20780
864691136143786292,extended,extended,176480,101824,20540
864691136144224308,extended,extended,182135,178367,20199
864691136175460102,extended,extended,307424,200864,20925
864691136175901190,extended,extended,170864,204560,21900
864691136176245766,clean,clean,168592,129152,22218
864691136176281606,extended,extended,337633,160391,20312
864691136176327430,clean,clean,324483,129223,18937
864691136176328710,clean,clean,192640,169008,21493
864691136194355176,clean,clean,315954,126002,20769
864691136194658262,clean,clean,184320,108624,22468
864691136194822888,clean,clean,170656,145840,22281
864691136194925132,extended,non,173088,263776,20722
864691136195144406,clean,clean,172976,174864,20955
864691136195185896,clean,clean,184128,123408,21604
864691136195208424,extended,clean,192736,145520,22073
864691136195284556,extended,extended,173184,217472,21929
864691136195321420,extended,clean,192880,153120,22550
864691136195348812,extended,extended,174592,206608,20768
864691136195396684,clean,clean,186160,160464,21885
864691136209328060,extended,extended,193972,142203,22166
864691136209777596,extended,non,181072,190672,20169
864691136210333628,clean,clean,172304,139008,21894
864691136210344380,clean,clean,177584,152000,22317
864691136210344892,extended,extended,332044,190880,19309
864691136210378684,extended,extended,179504,186592,20783
864691136210401468,clean,clean,178848,154112,21996
864691136210402748,extended,clean,177120,197456,22127
864691136227020113,extended,extended,306839,213638,24733
864691136227297105,extended,extended,199200,232352,23009
864691136227484753,clean,clean,317136,134160,20651
864691136227990097,clean,clean,191888,112464,21903
864691136228027217,clean,clean,182160,159936,20563
864691136228072529,clean,clean,180832,143712,22612
864691136228125521,clean,clean,180736,135840,20436
864691136228145489,clean,clean,178192,126320,22102
864691136228174417,clean,clean,184864,153120,20561
864691136228183377,extended,clean,192784,169264,22380
864691136237311503,extended,non,182208,218784,22551
864691136237644604,clean,clean,333436,104369,20076
864691136273259454,extended,extended,170640,198688,20906
864691136273370302,extended,extended,191424,206112,22678
864691136273494206,clean,clean,327517,118525,20762
864691136273973182,clean,clean,174496,134704,20995
864691136273996222,clean,clean,188976,168496,21579
864691136274013630,extended,non,188832,198224,22608
864691136274014142,clean,clean,173136,160032,21832
864691136274039486,clean,clean,185232,139184,21509
864691136274355725,extended,non,189472,189024,21637
864691136274408461,extended,non,172480,211312,21821
864691136274483469,clean,clean,172096,111472,20736
864691136275001613,clean,clean,182528,149808,21290
864691136275031565,extended,extended,319017,169130,19049
864691136275041549,extended,non,188448,188784,20445
864691136275165965,clean,clean,172960,173280,21905
864691136275175949,extended,clean,188880,174048,22405
864691136275176461,clean,clean,190512,164080,22420
864691136275178765,clean,clean,187088,154912,20886
864691136275186445,clean,clean,186368,171696,22053
864691136287166915,clean,clean,182368,131488,22376
864691136287598787,clean,clean,181296,150944,22284
864691136297423643,extended,non,188864,236160,22245
864691136309871706,extended,extended,310460,110729,19085
864691136310417242,extended,clean,185632,206224,22266
864691136310739034,clean,clean,172944,142032,20549
864691136310740570,clean,clean,184048,134544,21291
864691136311902269,extended,non,175664,244560,20659
864691136312911933,clean,clean,174704,115808,22327
864691136329289962,extended,extended,191984,221984,23401
864691136329957098,extended,clean,168176,111280,22537
864691136330042858,clean,clean,174368,120240,22427
864691136334080435,clean,clean,343472,127664,18016
864691136334881203,clean,clean,169440,158128,20266
864691136334904499,clean,clean,189440,153904,20706
864691136361637602,extended,extended,176912,218672,20909
864691136362684386,clean,clean,184608,161808,21806
864691136362741986,clean,clean,182336,169600,21633
864691136362746082,extended,non,179808,216672,23361
864691136362747874,clean,clean,188944,152016,22617
864691136362748898,clean,clean,189888,219168,20920
864691136362750178,clean,clean,182336,151392,21018
864691136371168136,extended,extended,170608,151712,21647
864691136371364744,clean,clean,182752,112912,20453
864691136371418760,clean,clean,181440,122864,21327
864691136371453320,extended,extended,169792,196864,21504
864691136371491976,extended,extended,191712,136928,22487
864691136371775624,clean,clean,174224,126496,20149
864691136371796872,extended,clean,187632,141312,22539
864691136378815445,extended,extended,206811,155433,20512
864691136379426005,clean,clean,172032,120608,20309
864691136379892693,clean,clean,178128,147168,21609
864691136388711031,extended,extended,187072,144336,20909
864691136388831095,clean,clean,184464,122032,22057
864691136388893815,extended,clean,182224,125968,20346
864691136389425783,clean,clean,325184,116528,20620
864691136389771024,clean,clean,176864,156672,21511
864691136390991743,clean,clean,171360,117872,20664
864691136391455359,clean,clean,172384,120448,21000
864691136391592319,clean,extended,302896,190304,18178
864691136419064727,non,clean,147379,219840,25649
864691136419179159,extended,non,180976,226640,22579
864691136419212183,extended,non,183168,220608,21502
864691136419698583,clean,clean,183472,155184,20572
864691136419760791,extended,non,344240,110757,19613
864691136423071535,extended,extended,169584,207744,20690
864691136423339567,extended,non,172768,215824,22832
864691136423675695,extended,non,184800,211408,20244
864691136423787567,extended,extended,167981,216288,21544
864691136436788382,extended,extended,178144,164992,22469
864691136437458334,clean,clean,187888,124512,21300
864691136437508254,extended,non,170016,195360,22108
864691136437548190,clean,clean,177328,136432,22430
864691136444286339,non,clean,271497,237346,14920
864691136444372867,extended,clean,170816,127856,21691
864691136444382595,extended,non,192240,222000,21244
864691136444386947,extended,non,185968,238992,22196
864691136444888195,extended,extended,176368,188864,21766
864691136451224831,clean,clean,337248,126832,17387
864691136451603199,extended,non,175968,205904,21793
864691136451680255,extended,extended,186176,195264,21030
864691136452054015,extended,extended,188048,123136,20983
864691136452081151,clean,clean,329968,109728,20508
864691136452190463,extended,clean,178848,204240,21385
864691136452201983,clean,clean,179520,165856,20633
864691136483201580,extended,extended,196288,247568,24687
864691136483584556,clean,clean,193056,97824,21736
864691136484016428,clean,clean,183168,204576,21936
864691136484049708,clean,clean,168256,151392,20841
864691136487168530,extended,extended,189984,230336,22357
864691136487657234,extended,non,179216,229440,21542
864691136488048914,clean,clean,173088,111280,21184
864691136488113170,extended,clean,179104,119680,20476
864691136488220178,extended,clean,172256,107072,20992
864691136488228114,clean,clean,173712,126464,22478
864691136521831825,extended,extended,324588,177956,19221
864691136522731153,clean,clean,182592,151104,20247
864691136578663444,extended,extended,188206,199294,21390
864691136578707732,clean,clean,182592,150528,21722
864691136595685282,clean,clean,177632,139296,20662
864691136602069713,extended,extended,191904,188112,22101
864691136602371025,clean,clean,325216,120608,20258
864691136602387409,extended,clean,178976,124432,21326
864691136602471889,extended,non,187680,221552,21218
864691136602949841,extended,clean,170688,177504,20864
864691136602976721,clean,clean,184240,175712,21233
864691136602978001,clean,clean,352352,112688,20122
864691136617778907,extended,non,169200,196928,20410
864691136617862619,extended,non,176080,220928,22152
864691136618272987,extended,extended,188896,199568,21067
864691136618275547,clean,clean,177024,178288,21522
864691136618564493,extended,extended,206014,209727,24421
864691136618899341,non,clean,293157,249009,18754
864691136618908301,extended,extended,171360,138880,21195
864691136619397005,clean,clean,177696,139408,21660
864691136619433869,clean,clean,175504,113856,20280
864691136619438221,clean,clean,185040,134992,22615
864691136619543693,clean,clean,178672,148256,22345
864691136662432990,extended,extended,175792,131824,21078
864691136662697438,clean,clean,180048,108416,22594
864691136663284190,extended,clean,169472,115888,21788
864691136663288030,clean,clean,171760,159584,20144
864691136663316702,clean,clean,191632,104032,21899
864691136663325406,extended,clean,187888,173632,21521
864691136673975943,extended,clean,170176,178080,22342
864691136673979271,clean,clean,188928,172784,22054
864691136674030215,clean,clean,191248,111408,21575
864691136674054791,clean,clean,191136,154912,20725
864691136723961597,extended,extended,178528,89504,21709
864691136723962621,extended,extended,182384,208608,22961
864691136724121597,extended,extended,189456,177392,22310
864691136724763901,extended,non,191424,209888,22845
864691136741588060,clean,clean,192912,134880,22119
864691136741609308,clean,clean,173456,130208,22133
864691136741618524,clean,clean,187840,114048,20544
864691136812081779,extended,extended,332369,118815,17518
864691136812624755,extended,non,170176,209648,22167
864691136813000051,clean,clean,304352,115808,19194
864691136903144370,extended,extended,152409,226078,19308
864691136903387826,extended,extended,181984,240832,24349
864691136903585714,extended,extended,333888,183296,23598
864691136903681458,clean,clean,304608,142384,19551
864691136903729330,clean,clean,189312,134976,20835
864691136903752626,extended,non,181312,217904,23251
864691136903767474,extended,non,192144,222048,22435
864691136904098226,extended,clean,175376,199104,22465
864691136904304306,extended,extended,184256,165088,20542
864691136912172017,extended,extended,198007,174819,16975
864691136912275953,clean,clean,184464,106672,20599
864691136912276977,clean,clean,188512,130000,20748
864691136912909297,clean,clean,190096,148832,22467
864691136923436004,extended,non,182064,221088,21879
864691136923942884,clean,clean,178736,126432,21628
864691136923990500,extended,extended,182993,135610,21130
864691136924025572,clean,clean,192272,148688,22619
864691136925601354,extended,extended,324620,139328,15625
864691136925825354,extended,extended,192608,215280,22646
864691136926062410,extended,non,186720,213216,23160
864691136926070090,extended,non,190384,231984,22176
864691136926507338,clean,clean,187136,161232,20563
864691136926540362,clean,clean,169280,149136,22318
864691136952514783,extended,non,172976,204624,22249
864691136953057759,clean,clean,173632,133776,21477
864691136966189518,clean,extended,268400,200384,20293
864691136966307534,clean,clean,188400,121904,22011
864691136966778830,clean,clean,192816,122096,22190
864691136966800590,extended,clean,186272,194272,20412
864691136966845134,extended,extended,178016,186544,22452
864691136974714396,clean,clean,171520,148896,20751
864691136974726940,clean,clean,184288,155056,21455
864691136974727708,extended,clean,173344,171472,21109
864691136974733596,clean,clean,190128,167680,20565
864691136974787868,clean,clean,168944,153056,20924
864691136990457749,extended,extended,184736,253008,24565
864691136990504853,clean,clean,169040,119120,20839
864691136990520981,extended,non,178304,207200,21460
864691136990522517,extended,extended,206577,133261,18640
864691136990628501,clean,clean,172480,108304,21873
864691136990946197,extended,non,180192,250784,20391
864691136991004565,clean,clean,175888,135536,20806
864691136991127701,clean,clean,183312,175024,22160
864691137019596142,extended,extended,202346,167997,17807
864691137019755118,extended,non,170304,231920,20447
864691137020151406,extended,extended,189824,116768,21967
864691137020205166,extended,extended,178000,230464,21610
864691137020299886,extended,extended,152272,199232,21597
864691137020388462,extended,non,194736,213472,22916
864691137020787054,clean,clean,192400,170160,20939
864691137020800878,clean,clean,192000,169456,20327
864691137020810350,clean,clean,168144,163072,22156
864691137053906294,extended,extended,189600,192320,21518
864691137054388086,extended,clean,185152,185344,21255
864691137054397814,clean,clean,179216,115136,20457
864691137197329985,extended,extended,178176,152192,20167
864691137197468481,extended,extended,172464,175072,20483
864691137197605697,extended,non,180576,234992,22181
864691137197606209,extended,non,188720,229376,22016
864691137197795905,extended,non,184928,244816,21435
864691137198217793,clean,clean,181840,159280,22182
864691135122603047,extended,extended,193152,118976,21021
864691135155894884,extended,extended,165408,116672,22032
864691135591041291,extended,extended,161168,118496,22997
864691136379845845,extended,extended,301872,195936,23624
